{"back_align": 0.48350401114340297, "shoulder_align": 0.02939566939858604, "neck_align": 0.8408316283229309}
{"back_align": 0.4840067248656038, "shoulder_align": 0.029786048633152637, "neck_align": 0.8412853439442959}
{"back_align": 0.4841308319440048, "shoulder_align": 0.029441886422779104, "neck_align": 0.8407496395944444}
{"back_align": 0.4839533374438619, "shoulder_align": 0.02956073576916451, "neck_align": 0.8417051432946218}
{"back_align": 0.48403977133195386, "shoulder_align": 0.029490809963826685, "neck_align": 0.841076969741097}
{"back_align": 0.4836219446732273, "shoulder_align": 0.029485427706609682, "neck_align": 0.8406634688987823}
{"back_align": 0.48369107508533293, "shoulder_align": 0.029480762418864007, "neck_align": 0.8411069449994583}
{"back_align": 0.4835527236520214, "shoulder_align": 0.029497658632297634, "neck_align": 0.8408572137948113}
{"back_align": 0.4833843655224311, "shoulder_align": 0.02947347552429744, "neck_align": 0.8405237741259182}
{"back_align": 0.4838558276043662, "shoulder_align": 0.029402361954616166, "neck_align": 0.8412179516614575}
{"back_align": 0.4841937223916944, "shoulder_align": 0.02939154840679994, "neck_align": 0.84032494872311}
{"back_align": 0.4842283028309775, "shoulder_align": 0.02937960539577555, "neck_align": 0.8404667678980569}
{"back_align": 0.4839817937543627, "shoulder_align": 0.029474894889674506, "neck_align": 0.8409755927188552}
{"back_align": 0.484064802924175, "shoulder_align": 0.02994303474002031, "neck_align": 0.840840779268363}
{"back_align": 0.484031567102678, "shoulder_align": 0.02942612570368588, "neck_align": 0.8408973328130485}
{"back_align": 0.48393864959485966, "shoulder_align": 0.029480817665088584, "neck_align": 0.8410199482814872}
{"back_align": 0.48507739884318085, "shoulder_align": 0.02921846888633685, "neck_align": 0.8423633284569134}
{"back_align": 0.4834843009374803, "shoulder_align": 0.029478396007791167, "neck_align": 0.8404717256122515}
{"back_align": 0.4833610635703421, "shoulder_align": 0.029476176787963836, "neck_align": 0.8401756790883572}
{"back_align": 0.483503913956653, "shoulder_align": 0.02946224368614639, "neck_align": 0.8407475033362072}
{"back_align": 0.4835668029447146, "shoulder_align": 0.02947603958570028, "neck_align": 0.8406445711595477}
{"back_align": 0.48403859866985866, "shoulder_align": 0.02943256028915638, "neck_align": 0.8411262543131819}
{"back_align": 0.4840296443432368, "shoulder_align": 0.029430680945220118, "neck_align": 0.8409935991704655}
{"back_align": 0.48374133889409787, "shoulder_align": 0.029460397141619812, "neck_align": 0.8409798684493547}
{"back_align": 0.4839193176472104, "shoulder_align": 0.02952710241642645, "neck_align": 0.8411181841349566}
{"back_align": 0.48392494557108284, "shoulder_align": 0.029495238594796865, "neck_align": 0.8413036834093425}
{"back_align": 0.4840746782673381, "shoulder_align": 0.029483809935912802, "neck_align": 0.8412163496770211}
{"back_align": 0.48347708918703414, "shoulder_align": 0.029575283439797855, "neck_align": 0.8410749491837982}
{"back_align": 0.4841455329344373, "shoulder_align": 0.029490577581232323, "neck_align": 0.841111082051689}
{"back_align": 0.4836286297568026, "shoulder_align": 0.029512539033644442, "neck_align": 0.8406941440974236}
{"back_align": 0.4839059379546147, "shoulder_align": 0.029516583033962644, "neck_align": 0.8408941484596585}
{"back_align": 0.48361217521477323, "shoulder_align": 0.029534060762204797, "neck_align": 0.8409495865353013}
{"back_align": 0.4837477931084088, "shoulder_align": 0.02949928988732928, "neck_align": 0.8407608011739254}
{"back_align": 0.4836698438304248, "shoulder_align": 0.029481225922943343, "neck_align": 0.8405755810283143}
{"back_align": 0.4840578896257934, "shoulder_align": 0.029933848725201648, "neck_align": 0.8409082140739376}
{"back_align": 0.48368376057620505, "shoulder_align": 0.029541659974170544, "neck_align": 0.8410281213668436}
{"back_align": 0.48408324518293266, "shoulder_align": 0.02946558571812624, "neck_align": 0.8410046742970197}
{"back_align": 0.4836176071917689, "shoulder_align": 0.02953175616626624, "neck_align": 0.8411058547212338}
{"back_align": 0.4839335447030057, "shoulder_align": 0.02954775182984444, "neck_align": 0.841401464280766}
{"back_align": 0.48402107292610896, "shoulder_align": 0.029461599689604608, "neck_align": 0.8406437342352617}
{"back_align": 0.48400982001443454, "shoulder_align": 0.02943628000862493, "neck_align": 0.8404869727218289}
{"back_align": 0.4838542781289705, "shoulder_align": 0.029488842515815506, "neck_align": 0.8412113194229145}
{"back_align": 0.48391610952659236, "shoulder_align": 0.029477239478500054, "neck_align": 0.8410899068884167}
{"back_align": 0.4837592842723545, "shoulder_align": 0.02945688166965454, "neck_align": 0.8409713232146887}
{"back_align": 0.484127057847076, "shoulder_align": 0.029450487886605824, "neck_align": 0.8410091997850547}
{"back_align": 0.48410421929992264, "shoulder_align": 0.02944311027159663, "neck_align": 0.8411299212141462}
{"back_align": 0.48380514520657136, "shoulder_align": 0.02948199814663506, "neck_align": 0.8410137401457451}
{"back_align": 0.483752717651946, "shoulder_align": 0.029486084080276226, "neck_align": 0.8409483579903624}
{"back_align": 0.4839274280549386, "shoulder_align": 0.02943305615157865, "neck_align": 0.8406335097471466}
{"back_align": 0.4849722985623376, "shoulder_align": 0.02925010072057151, "neck_align": 0.8415795826738909}
{"back_align": 0.483258926155471, "shoulder_align": 0.029519626882255623, "neck_align": 0.8407105025076522}
{"back_align": 0.4831589431347415, "shoulder_align": 0.02941920119668746, "neck_align": 0.8404879159478754}
{"back_align": 0.4842800177735244, "shoulder_align": 0.029452413124046648, "neck_align": 0.8408617033056819}
{"back_align": 0.4836302533047903, "shoulder_align": 0.029487830994810577, "neck_align": 0.8410535515208915}
{"back_align": 0.48401527720208604, "shoulder_align": 0.029476391444313826, "neck_align": 0.8412587122611866}
{"back_align": 0.4833011709348442, "shoulder_align": 0.029597093912676946, "neck_align": 0.8419249143682507}
{"back_align": 0.4839326202726898, "shoulder_align": 0.029306841440359832, "neck_align": 0.8403764869695363}
{"back_align": 0.48420013550065083, "shoulder_align": 0.029463532463152586, "neck_align": 0.8412519033351343}
{"back_align": 0.4839709723358926, "shoulder_align": 0.029491926098527868, "neck_align": 0.8406934434819621}
{"back_align": 0.4840586394109605, "shoulder_align": 0.029467680057640538, "neck_align": 0.8410500924717241}
{"back_align": 0.483553073773293, "shoulder_align": 0.02938339549265682, "neck_align": 0.840525299291838}
{"back_align": 0.48329580696252883, "shoulder_align": 0.02963999940441096, "neck_align": 0.8419317504144165}
{"back_align": 0.48378164626981096, "shoulder_align": 0.029974205390170528, "neck_align": 0.8408537105640461}
{"back_align": 0.48435072533918605, "shoulder_align": 0.02930345377677352, "neck_align": 0.841485017354661}
{"back_align": 0.4841044635086808, "shoulder_align": 0.02931278179716896, "neck_align": 0.8404858792910334}
{"back_align": 0.4841384999125859, "shoulder_align": 0.029971555449963907, "neck_align": 0.841820195421889}
{"back_align": 0.48465580051229046, "shoulder_align": 0.02922220448522291, "neck_align": 0.8417574539313143}
{"back_align": 0.4845929906573203, "shoulder_align": 0.029843432170988705, "neck_align": 0.8421896584361366}
{"back_align": 0.483127466478948, "shoulder_align": 0.029405940069586568, "neck_align": 0.8402469361772652}
{"back_align": 0.4846967015404877, "shoulder_align": 0.02923798677787879, "neck_align": 0.8416647714131782}
{"back_align": 0.48383278366342214, "shoulder_align": 0.029364834208394593, "neck_align": 0.8410154509243778}
{"back_align": 0.4835489534371184, "shoulder_align": 0.029478558530961926, "neck_align": 0.8408432697184199}
{"back_align": 0.4837984846066976, "shoulder_align": 0.029490002731979832, "neck_align": 0.8410343020349974}
{"back_align": 0.48378347587724013,