{"back_align": 0.5207414531443482, "shoulder_align": 0.7207827654809307, "neck_align": 0.00032204474563951845}
{"back_align": 0.5235578782041446, "shoulder_align": 0.714564211521828, "neck_align": 0.0003292730795564474}
{"back_align": 0.5299667908756974, "shoulder_align": 0.7061684042049075, "neck_align": 0.00033306659647712006}
{"back_align": 0.5355665503261874, "shoulder_align": 0.7282105757149319, "neck_align": 0.0003343506157398223}
{"back_align": 0.5340992380042789, "shoulder_align": 0.7387905440074304, "neck_align": 0.0003504310458622597}
{"back_align": 0.5157708262371338, "shoulder_align": 0.7459270658263243, "neck_align": 0.00035286241314477394}
{"back_align": 0.5113077850032872, "shoulder_align": 0.7477266400004865, "neck_align": 0.0003506046278333223}
{"back_align": 0.522847682481701, "shoulder_align": 0.7485439008313144, "neck_align": 0.0003514632051465688}
{"back_align": 0.5279749636438135, "shoulder_align": 0.7490660368114342, "neck_align": 0.0003725743976732095}
{"back_align": 0.49166420215756607, "shoulder_align": 0.772693315209992, "neck_align": 0.0003717163005084904}
{"back_align": 0.4920782818156589, "shoulder_align": 0.7743054006143998, "neck_align": 0.00035072125011572134}
{"back_align": 0.48871493314948794, "shoulder_align": 0.7608658734123301, "neck_align": 0.00033110928411285087}
{"back_align": 0.47738005819083795, "shoulder_align": 0.7673568451182334, "neck_align": 0.0003242126941956856}
{"back_align": 0.44431567474262373, "shoulder_align": 0.7630929060994454, "neck_align": 0.0003385675605386496}
{"back_align": 0.4146777636005769, "shoulder_align": 0.7563835414242276, "neck_align": 0.00033493832340119066}
{"back_align": 0.40874949428235086, "shoulder_align": 0.7440159209617259, "neck_align": 0.0003329684878527015}
{"back_align": 0.42011221097817025, "shoulder_align": 0.7224236557361754, "neck_align": 0.00033857869777690486}
{"back_align": 0.4308381971136065, "shoulder_align": 0.6884453843176728, "neck_align": 0.00034715084462530086}
{"back_align": 0.4220686870864297, "shoulder_align": 0.6863185281089167, "neck_align": 0.0003610841329726908}
{"back_align": 0.4101395980450662, "shoulder_align": 0.6917928369926017, "neck_align": 0.0003755610553478754}
{"back_align": 0.39562841883722144, "shoulder_align": 0.6778173405049597, "neck_align": 0.0003907927718979342}
{"back_align": 0.39517881463324633, "shoulder_align": 0.6488916033766181, "neck_align": 0.00039141032844781877}
{"back_align": 0.41516714192799603, "shoulder_align": 0.6464550595261367, "neck_align": 0.0003932271263113729}
{"back_align": 0.4173729049039032, "shoulder_align": 0.6235157640585659, "neck_align": 0.00040079466722629694}
{"back_align": 0.395801506302035, "shoulder_align": 0.6186409598430715, "neck_align": 0.00040350342790285745}
{"back_align": 0.40690271747394624, "shoulder_align": 0.5898208731616841, "neck_align": 0.0004051623079511854}
{"back_align": 0.4146643614857769, "shoulder_align": 0.5721806214802887, "neck_align": 0.0004054176986769393}
{"back_align": 0.39847869764290533, "shoulder_align": 0.5683658395082667, "neck_align": 0.00040065262328695366}
{"back_align": 0.40835883577743387, "shoulder_align": 0.5584813490808415, "neck_align": 0.0003978402126166556}
{"back_align": 0.41212655059300013, "shoulder_align": 0.5538010901358047, "neck_align": 0.0003760540540571566}
{"back_align": 0.4148161553259337, "shoulder_align": 0.5445919302107043, "neck_align": 0.0003679671414472439}
{"back_align": 0.4294621951155116, "shoulder_align": 0.5284557954134378, "neck_align": 0.0003683906393470588}
{"back_align": 0.44360388011242763, "shoulder_align": 0.5300983273482589, "neck_align": 0.0003688841671855362}
{"back_align": 0.4339075350375438, "shoulder_align": 0.5276022908741506, "neck_align": 0.0003677952689705072}
{"back_align": 0.45649306252913024, "shoulder_align": 0.5319854150617664, "neck_align": 0.00035493566413168553}
{"back_align": 0.4844893044459703, "shoulder_align": 0.5388658538334067, "neck_align": 0.00037510273288245556}
{"back_align": 0.49472714796108325, "shoulder_align": 0.5536442158378689, "neck_align": 0.00039634732943442133}
{"back_align": 0.483450035065513, "shoulder_align": 0.5858982129820676, "neck_align": 0.00038433050046916356}
{"back_align": 0.466121713906804, "shoulder_align": 0.6226447139998579, "neck_align": 0.0003970974566483938}
{"back_align": 0.46545978049227965, "shoulder_align": 0.6170829840385406, "neck_align": 0.0003831375103995756}
{"back_align": 0.47647659617422217, "shoulder_align": 0.6194941178935289, "neck_align": 0.00036375647514230676}
{"back_align": 0.48043460959408535, "shoulder_align": 0.6399249072957482, "neck_align": 0.00036794273286230037}
{"back_align": 0.48470085692012577, "shoulder_align": 0.6554628366899238, "neck_align": 0.00034582961523146546}
{"back_align": 0.4626614761743687, "shoulder_align": 0.6604249036597704, "neck_align": 0.00032999301846656535}
{"back_align": 0.455512918595962, "shoulder_align": 0.6808421101257329, "neck_align": 0.0003132532333472261}
{"back_align": 0.46388170676088175, "shoulder_align": 0.6910289860093182, "neck_align": 0.0002986979060288933}
{"back_align": 0.4629584951455973, "shoulder_align": 0.7277803968550833, "neck_align": 0.00028967433126160394}
{"back_align": 0.47677395914237064, "shoulder_align": 0.7433740925245979, "neck_align": 0.0002924239694106358}
{"back_align": 0.4894654380685533, "shoulder_align": 0.7426020300916878, "neck_align": 0.00028275182712133283}
{"back_align": 0.4899754555240306, "shoulder_align": 0.7509638683679809, "neck_align": 0.00027209577771524586}
{"back_align": 0.4666308363343214, "shoulder_align": 0.7290187356327891, "neck_align": 0.00026417155681108986}
{"back_align": 0.48047615015380574, "shoulder_align": 0.7035461836839026, "neck_align": 0.0002579412778356561}
{"back_align": 0.46975057611202226, "shoulder_align": 0.7176361593147205, "neck_align": 0.00025064836670127185}
{"back_align": 0.45858707159803214, "shoulder_align": 0.7235414095302536, "neck_align": 0.00023648136847273068}
{"back_align": 0.46698900007163735, "shoulder_align": 0.7254429104819528, "neck_align": 0.0002267938531521294}
{"back_align": 0.47621984655919125, "shoulder_align": 0.7113026166827853, "neck_align": 0.00022471461272626013}
{"back_align": 0.4561059174597534, "shoulder_align": 0.7006434291044301, "neck_align": 0.00019245099586745102}
{"back_align": 0.4410653041176751, "shoulder_align": 0.6753255568789205, "neck_align": 0.00017210524839659532}
{"back_align": 0.4562568991655323, "shoulder_align": 0.6655197982186961, "neck_align": 0.00016308634610915623}
{"back_align": 0.46730372904498874, "shoulder_align": 0.674278832702772, "neck_align": 0.0001333130271760402}
{"back_align": 0.4568460797359347, "shoulder_align": 0.6973132343148817, "neck_align": 0.00014625159126740913}
{"back_align": 0.45262656802381135, "shoulder_align": 0.6894477298486762, "neck_align": 0.00013252279548733322}
{"back_align": 0.43139848968376227, "shoulder_align": 0.6900517372409857, "neck_align": 0.00011309662212928135}
{"back_align": 0.4061318458038305, "shoulder_align": 0.6929205712257251, "neck_align": 0.0001151031117748331}
{"back_align": 0.3831297614650019, "shoulder_align": 0.6914387378649881, "neck_align": 0.00011722238734364508}
{"back_align": 0.3696312648988892, "shoulder_align": 0.6891025247690534, "neck_align": 0.00011347604156644254}
{"back_align": 0.36481084276404746, "shoulder_align": 0.6791943470390431, "neck_align": 0.00011190127374397383}
{"back_align": 0.3520915711591279, "shoulder_align": 0.6601904727767256, "neck_align": 0.00010288298543956547}
{"back_align": 0.34431428721207236, "shoulder_align": 0.6508327021630882, "neck_align": 8.46294493035034e-05}
{"back_align": 0.33639555930943754, "shoulder_align": 0.6523966923912812, "neck_align": 8.525671161435267e-05}
{"back_align": 0.32267460345367016, "shoulder_align": 0.6553085762551715, "neck_align": 8.400383922788832e-05}
{"back_align": 0.3243437887104403, "shoulder_align": 0.6715690202819617,