{"back_align": 0.48428472518382476, "shoulder_align": 0.029413889863820052, "neck_align": 0.841573469239624}
{"back_align": 0.4839440015617032, "shoulder_align": 0.02952364461763809, "neck_align": 0.841010279210825}
{"back_align": 0.4837900000527485, "shoulder_align": 0.029526222820073972, "neck_align": 0.8411674737271577}
{"back_align": 0.48382806885687973, "shoulder_align": 0.029548668051573475, "neck_align": 0.8409120771560685}
{"back_align": 0.48439819259036987, "shoulder_align": 0.029337181827720705, "neck_align": 0.8401680264246874}
{"back_align": 0.48381637969773683, "shoulder_align": 0.029549272280418197, "neck_align": 0.8410041644817732}
{"back_align": 0.4839044585960356, "shoulder_align": 0.029541706415872965, "neck_align": 0.8413646077167164}
{"back_align": 0.48387650058919063, "shoulder_align": 0.02954886184033928, "neck_align": 0.8411690024169384}
{"back_align": 0.48400640294967995, "shoulder_align": 0.029529868132312752, "neck_align": 0.8413584926300492}
{"back_align": 0.48402252663045026, "shoulder_align": 0.029525050880333473, "neck_align": 0.8411656886810479}
{"back_align": 0.4839833693054998, "shoulder_align": 0.02954691153021258, "neck_align": 0.8407738207187294}
{"back_align": 0.48396828541421405, "shoulder_align": 0.02953176129307021, "neck_align": 0.8413525189008184}
{"back_align": 0.4841864569930618, "shoulder_align": 0.029407857571652627, "neck_align": 0.8415920061972015}
{"back_align": 0.48411503539261974, "shoulder_align": 0.029388521659150298, "neck_align": 0.8415771031694802}
{"back_align": 0.48410964370449927, "shoulder_align": 0.029558307860748565, "neck_align": 0.8409342470638099}
{"back_align": 0.48398674729598834, "shoulder_align": 0.029563144079136305, "neck_align": 0.8413149451492126}
{"back_align": 0.48415406646913195, "shoulder_align": 0.02941172573962601, "neck_align": 0.8415899239112115}
{"back_align": 0.48415955195451066, "shoulder_align": 0.029401519716635863, "neck_align": 0.8415728945402745}
{"back_align": 0.48411778992704824, "shoulder_align": 0.029405699057752963, "neck_align": 0.8415577310868525}
{"back_align": 0.48416887824867055, "shoulder_align": 0.029395620904343805, "neck_align": 0.8416134300234704}
{"back_align": 0.48393647005874874, "shoulder_align": 0.02952686599374982, "neck_align": 0.8409528232435307}
{"back_align": 0.4840112411805353, "shoulder_align": 0.029542294957132887, "neck_align": 0.8408185310075739}
{"back_align": 0.4837565290324562, "shoulder_align": 0.029509018692014242, "neck_align": 0.8410862484443773}
{"back_align": 0.48382223765915844, "shoulder_align": 0.029488424086690373, "neck_align": 0.841195647013591}
{"back_align": 0.48409698308920296, "shoulder_align": 0.029517186183419485, "neck_align": 0.841461423379556}
{"back_align": 0.48415398240761714, "shoulder_align": 0.02952580515954666, "neck_align": 0.8412181256905715}
{"back_align": 0.48408292862317864, "shoulder_align": 0.029516044705379895, "neck_align": 0.8414289344537927}
{"back_align": 0.4838437788613524, "shoulder_align": 0.02949837004013211, "neck_align": 0.8409843734403231}
{"back_align": 0.4841354745254176, "shoulder_align": 0.02940405408260028, "neck_align": 0.8416256545206923}
{"back_align": 0.4841192065530458, "shoulder_align": 0.02941118930431434, "neck_align": 0.84139839670506}
{"back_align": 0.484011607446241, "shoulder_align": 0.029533847063562414, "neck_align": 0.8409657731353406}
{"back_align": 0.4842362227955806, "shoulder_align": 0.029364600628829115, "neck_align": 0.8413017065512076}
{"back_align": 0.4840910222685875, "shoulder_align": 0.029518895481095972, "neck_align": 0.8410267624235853}
{"back_align": 0.48413745246636025, "shoulder_align": 0.029409490023115315, "neck_align": 0.8414647103259539}
{"back_align": 0.48425148860101574, "shoulder_align": 0.029369416743077942, "neck_align": 0.8413609182673326}
{"back_align": 0.48418289775878653, "shoulder_align": 0.029377493501604044, "neck_align": 0.8416876298210813}
{"back_align": 0.48414668198556104, "shoulder_align": 0.029397849175308976, "neck_align": 0.8411260116989053}
{"back_align": 0.48421518935642033, "shoulder_align": 0.02937321541148503, "neck_align": 0.8413152328049421}
{"back_align": 0.48410599186272585, "shoulder_align": 0.02938995336675636, "neck_align": 0.841163640338966}
{"back_align": 0.4843454008059495, "shoulder_align": 0.029363575798864335, "neck_align": 0.8413327760017942}
{"back_align": 0.484254816777799, "shoulder_align": 0.029391957466267344, "neck_align": 0.84150163983324}
{"back_align": 0.4842477657809309, "shoulder_align": 0.029386374807660907, "neck_align": 0.8412571835090188}
{"back_align": 0.48421478581410393, "shoulder_align": 0.029393862588911135, "neck_align": 0.8413464807873143}
{"back_align": 0.48434332700298643, "shoulder_align": 0.029379969614497917, "neck_align": 0.8414037589395099}
{"back_align": 0.4842335789320625, "shoulder_align": 0.029384290514014984, "neck_align": 0.8412423376603148}
{"back_align": 0.4837638503261072, "shoulder_align": 0.029512039775499224, "neck_align": 0.8410764464682827}
{"back_align": 0.48423956139275953, "shoulder_align": 0.029406058458540562, "neck_align": 0.8416544225495992}
{"back_align": 0.4841991096491815, "shoulder_align": 0.02940687738897705, "neck_align": 0.8416109093489041}
{"back_align": 0.4841680469445218, "shoulder_align": 0.029398810470810208, "neck_align": 0.8416220210012221}
{"back_align": 0.4837672582272949, "shoulder_align": 0.029496085444265685, "neck_align": 0.8404860023346552}
{"back_align": 0.4842631106404578, "shoulder_align": 0.02961914574438012, "neck_align": 0.8410373962703263}
{"back_align": 0.4839568645868448, "shoulder_align": 0.029524690855900478, "neck_align": 0.8412043381864602}
{"back_align": 0.48402689010885297, "shoulder_align": 0.029538534453792266, "neck_align": 0.8410556378682138}
{"back_align": 0.4841365763721495, "shoulder_align": 0.02952565106142027, "neck_align": 0.8408329976973399}
{"back_align": 0.4840667076965841, "shoulder_align": 0.029541888073480356, "neck_align": 0.8408548728194043}
{"back_align": 0.48359683704205303, "shoulder_align": 0.02953564981301339, "neck_align": 0.8411850193670913}
{"back_align": 0.4838675426278502, "shoulder_align": 0.029540767701862446, "neck_align": 0.8411243082014971}
{"back_align": 0.4835710368610209, "shoulder_align": 0.029690086396735454, "neck_align": 0.8405972912197875}
{"back_align": 0.4841531724550555, "shoulder_align": 0.029427879677934886, "neck_align": 0.8414260006415819}
{"back_align": 0.4841850953075726, "shoulder_align": 0.029691978289439584, "neck_align": 0.841101085165101}
{"back_align": 0.4842539985753582, "shoulder_align": 0.029401892123086793, "neck_align": 0.8413617672148093}
{"back_align": 0.48423371787393243, "shoulder_align": 0.02939718751352078, "neck_align": 0.8413396108972475}
{"back_align": 0.48412002574639407, "shoulder_align": 0.029410057736027367, "neck_align": 0.8414346751704267}
{"back_align": 0.48419413526976024, "shoulder_align": 0.0294200982379308, "neck_align": 0.8414186484327025}
{"back_align": 0.48418826958278305, "shoulder_align": 0.029396194369235063, "neck_align": 0.8416515198789386}
{"back_align": 0.4841796153890678, "shoulder_align": 0.02939050868968841, "neck_align": 0.8415584894999288}
{"back_align": 0.4841574168948271, "shoulder_align": 0.029392544188245547, "neck_align": 0.841625819974331}
{"back_align": 0.48412963236005396, "shoulder_align": 0.029395022739204416, "neck_align": 0.8416937305435512}
{"back_align": 0.484148158632774, "shoulder_align": 0.029400398599771466, "neck_align": 0.841511494547401}
{"back_align": 0.4843047045512349, "shoulder_align": 0.02940089315355314, "neck_align": 0.8414403371516613}
{"back_align": 0.4844363009912642, "shoulder_align": 0.029675451614985724, "neck_align": 0.8406417307511336}
{"back_align": 0.484169635352449, "shoulder_align": 0.029405863549770473, "neck_align": 0.8413389122826826}
{"back_align": 0.48414502540089943, "shoulder_align": 0.02940593958890568, "neck_align": 0.841436998972956}
{"back_align": 0.48420081680318955,